{
  "movies": [
    {
      "id": "1",
      "title": "Asih 2",
      "synopsis":"Teror ASIH (Syarifa Daanish), hantu perempuan malang yang sempat meneror keluarga ANDI (Darius Sinathrya), rupanya belum selesai. Dia kembali datang untuk mengambil anak semata wayang Andi dan Puspita, Amelia. Malam itu, Asih berhasil mengambil Amelia dengan membunuh Andi dan Puspita. Kejadian mengerikan itu disaksikan oleh NENEK (Marini Soerjosoemarno).",
      "genre": "Horror",
      "duration": "2 j 46 m",
      "director": "Rizal Mantovani",
      "rating": "9.1/10",
      "image": "https://firebasestorage.googleapis.com/v0/b/solve-ur-shape.appspot.com/o/imgMovie%2Fasih2.jpg?alt=media&token=d4e61998-1f7b-4caa-8cbb-64c2a6f4b9cd"
    },
    {
      "id": "2",
      "title": "Bucin",
      "synopsis": "Merasa bahwa mereka bucin, Jovial (29) mendaftarkan adiknya, Andovi (25), dan teman- temannya , Tommy (24) dan Chandra (26), untuk mengikuti kursus anti-bucin. Tujuan kursus ini adalah untuk mengajarkan cara memiliki hubungan yang sehat dan tidak hanya menguntungkan satu pihak. Kursus ini dibuat oleh Vania (29), seorang lulusan S2 psikologi dengan spesialisasi cinta. Ternyata metode yang digunakan oleh Vania tidak konvensional dan lumayan ekstrim, dia menggunakan konsep ESCAPE ROOM untuk menjelaskan konsep cinta. Sering kali mereka ingin berhenti karena tidak sanggup.",
      "genre": "Drama/Komedi",
      "duration": "1 j 37 m",
      "director": "Chandra Liow",
      "rating": "4/10",
      "image": "https://firebasestorage.googleapis.com/v0/b/solve-ur-shape.appspot.com/o/imgMovie%2Fbucin.jpeg?alt=media&token=4ec98e59-d11b-4ac4-bd9b-b688fc07cfd9"
    },
    {
      "id": "3",
      "title": "Dilan 1990",
      "synopsis": "Milea (Vanesha Prescilla) bertemu dengan Dilan (Iqbaal Ramadhan) di sebuah SMA di Bandung. Itu adalah tahun 1990, saat Milea pindah dari Jakarta ke Bandung. Perkenalan yang tidak biasa kemudian membawa Milea mulai mengenal keunikan Dilan lebih jauh. Dilan yang pintar, baik hati dan romantis... semua dengan caranya sendiri. Cara Dilan mendekati Milea tidak sama dengan teman-teman lelakinya yang lain, bahkan Beni, pacar Milea di Jakarta. Bahkan cara berbicara Dilan yang terdengar kaku, lambat laun justru membuat Milea kerap merindukannya jika sehari saja ia tak mendengar suara itu. Perjalanan hubungan mereka tak selalu mulus. Beni, gank motor, tawuran, Anhar, Kang Adi, semua mewarnai perjalanan itu. Dan Dilan... dengan caranya sendiri...selalu bisa membuat Milea percaya ia bisa tiba di tujuan dengan selamat. Tujuan dari perjalanan ini. Perjalanan mereka berdua. Katanya, dunia SMA adalah dunia paling indah. Dunia Milea dan Dilan satu tingkat lebih indah daripada itu.",
      "genre": "Drama/Roman",
      "duration": "1 j 37 m",
      "director": "Pidi Baiq",
      "rating": "6.9/10",
      "image": "https://firebasestorage.googleapis.com/v0/b/solve-ur-shape.appspot.com/o/imgMovie%2Fdilan.jpg?alt=media&token=f9d2c9aa-333d-49b9-9b72-6e1252de27ee"
    },
    {
      "id": "4",
      "title": "Frozen 2",
      "synopsis": "Queen Elsa starts hearing a mysterious melodic voice calling to her. Unsettled, she answers it and that awakens the elemental spirits that lead her to a quest to restore an old injustice.",
      "genre": "Family/Musical",
      "duration": "1 j 43 m",
      "director": "Jennifer Lee",
      "rating": "6.9/10",
      "image": "https://firebasestorage.googleapis.com/v0/b/solve-ur-shape.appspot.com/o/imgMovie%2Ffrozen2.jpg?alt=media&token=3e181bcd-1ada-42e1-b7a4-63cb2e17cd8c"
    },
    {
      "id": "5",
      "title": "Habibie & Ainun 3",
      "synopsis": "Kisah Ainun (Maudy Ayunda) sebagaimana remaja di usianya, punya kisah kasih yang cukup unik, menggelitik dan menarik...",
      "genre": "Drama/Roman",
      "duration": "2 j 1 m",
      "director": "Hanung Bramantyo",
      "rating": "7/10",
      "image": "https://firebasestorage.googleapis.com/v0/b/solve-ur-shape.appspot.com/o/imgMovie%2Fhabibiainun.jpg?alt=media&token=1b386aa5-9f80-4459-9ae4-c95c2d91d9ea"
    },
    {
      "id": "6",
      "title": "My Stupid Boss",
      "synopsis": "A woman takes a job as secretary to the bumbling boss of a large company and comes to regret it.",
      "genre": "Drama/Comedy",
      "duration": "1 j 48 m",
      "director": "Upi Avianto",
      "rating": "7.2/10",
      "image": "https://firebasestorage.googleapis.com/v0/b/solve-ur-shape.appspot.com/o/imgMovie%2Fmystupidbos.jpg?alt=media&token=cbd1f9d8-5fcd-47df-a58b-b75fef1745e1"
    },
    {
      "id": "7",
      "title": "Negri 5 Menara",
      "synopsis": "Alif lahir di pinggir Danau Maninjau dan tidak pernah menginjak tanah di luar ranah Minangkabau. Masa kecilnya adalah berburu durian runtuh di rimba Bukit Barisan, bermain bola di sawah berlumpur dan tentu mandi berkecipak di air biru Danau Maninjau. Tiba-tiba saja dia harus naik bus tiga hari tiga malam melintasi punggung Sumatera dan Jawa menuju sebuah desa di pelosok Jawa Timur. Ibunya ingin dia menjadi Buya Hamka walau Alif ingin menjadi Habibie. Dengan setengah hati dia mengikuti perintah Ibunya: belajar di pondok. Di kelas hari pertamanya di Pondok Madani (PM), Alif terkesima dengan \"mantera\" sakti man jadda wajada. Siapa yang bersungguh-sungguh pasti sukses. Dia terheran-heran mendengar komentator sepakbola berbahasa Arab, anak menggigau dalam bahasa Inggris, merinding mendengar ribuan orang melagukan Syair Abu Nawas dan terkesan melihat pondoknya setiap pagi seperti melayang di udara. Dipersatukan oleh hukuman jewer berantai, Alif berteman dekat dengan Raja dari Medan, Said dari Surabaya, Dulmajid dari Sumenep, Atang dari Bandung dan Baso dari Gowa. Di bawah menara masjid yang menjulang, mereka berenam kerap menunggu maghrib sambil menatap awan lembayung yang berarak pulang ke ufuk. Di mata belia mereka, awan-awan itu menjelma menjadi negara dan benua impian masing-masing. Kemana impian jiwa muda ini membawa mereka?",
      "genre": "Drama",
      "duration": "2 j 15 m",
      "director": "Malik Punjabi",
      "rating": "6.9/10",
      "image": "https://firebasestorage.googleapis.com/v0/b/solve-ur-shape.appspot.com/o/imgMovie%2Fnegeri5menara.jpg?alt=media&token=bbec4bbb-631c-4dee-b0f8-fb6e7a037772"
    },
    {
      "id": "8",
      "title": "Perempuan Berkalung Sorban",
      "synopsis": "Perempuan Berkalung Sorban merupakan film drama romantis bertema Islam dari Indonesia yang dirilis pada tahun 2009 dan disutradarai oleh Hanung Bramantyo. Film ini dibintangi antara lain oleh Revalina S. Temat, Joshua Pandelaki, Nasya Abigail, Widyawati, Oka Antara, Reza Rahadian, dan Ida Leman",
      "genre": "Drama/Roman",
      "duration": "2 j 15 m",
      "director": "Hanung Bramantyo",
      "rating": "6.7/10",
      "image": "https://firebasestorage.googleapis.com/v0/b/solve-ur-shape.appspot.com/o/imgMovie%2Fsorban.jpg?alt=media&token=abd3436c-6a2a-4d24-80aa-006ba1939aa8"
    },
    {
      "id": "9",
      "title": "Wonder Woman 1984",
      "synopsis": "Diana Prince lives quietly among mortals in the vibrant, sleek 1980s -- an era of excess driven by the pursuit of having it all. Though she's come into her full powers, she maintains a low profile by curating ancient artifacts, and only performing heroic acts incognito. But soon, Diana will have to muster all of her strength, wisdom and courage as she finds herself squaring off against Maxwell Lord and the Cheetah, a villainess who possesses superhuman strength and agility.",
      "genre": "Adventure/Action",
      "duration": "2 j 15 m",
      "director": "Patty Jenkins",
      "rating": "5.5/10",
      "image": "https://firebasestorage.googleapis.com/v0/b/solve-ur-shape.appspot.com/o/imgMovie%2Fwonderwomen.jpg?alt=media&token=02ae078b-0d00-406c-bfec-2ff33114378a"
    },
    {
      "id": "10",
      "title": "World War Z",
      "synopsis": "Gerry, a former United Nations employee, unexpectedly finds himself in a race against time as he investigates a threatening virus that turns humans into zombies.",
      "genre": "Horror/Action",
      "duration": "2 j 15 m",
      "director": "Marc Foster",
      "rating": "7/10",
      "image": "https://firebasestorage.googleapis.com/v0/b/solve-ur-shape.appspot.com/o/imgMovie%2Fwwz.jpg?alt=media&token=122c1751-b4ac-48f7-b179-c3407b4d5198"
    }
  ]
}